"Popular Themes","Suositut synttäriteemat"
"All Kids Birthdays Parties","Kaikki lasten synttäriteemat"
"Latest Products","Uutuudet"
"Popular Products","Suositut tuotteet"
"Popular Categories","Suositut kategoriat"
"Christmas","Joulu"
"Christmas Decorations","Joulukoristeet"
"Baking","Leivonta"
"Baking Tools and Edible Cake Decorations","Leivontatarvikkeet ja elintarvikkeet"
"Wedding Themes","Hääteemat"
"Wedding","Häät"
"Adult Party","Aikuisten juhlat"
"Adult Party Themes","Aikusten juhlateemat"
"Kids Parties","Lastenjuhlat"
"Kids Party Themes","Lasten juhlateemat"
"First Birthday","1V juhlat"
"Kids First Birthday Party Themes","Lasten 1-v synttäriteemat"
"Baby Shower Party Themes","Baby Shower juhlateemat"
"Baby Shower","Baby Shower"
"Communion Party Themes","Ristiäiset juhlateemat"
"Communion","Ristiäiset"
"Easter","Pääsiäinen"
"Easter Decorations","Pääsiäiskoristeet"