"Popular Themes","Populära kalasteman"
"All Kids Birthdays Parties","Alla kalasteman för barn"
"Latest Products","Nyheter"
"Popular Products","Populära produkter"
"Popular Categories","Populära kategorier"
"Christmas","Jul"
"Christmas Decorations","Juldekorationer"
"Baking","Bakning"
"Baking Tools and Edible Cake Decorations","Bakningstillbehör och livsmedel"
"Wedding Themes","Bröllopsteman"
"Wedding","Bröllop"
"Adult Party","Kalas för vuxna"
"Adult Party Themes","Kalasteman för vuxna"
"Kids Parties","Barnkalas"
"Kids Party Themes","Kalasteman för barn"
"First Birthday","1-års kalas"
"Kids First Birthday Party Themes","Teman för 1-års kalas"
"Baby Shower Party Themes","Baby Shower teman"
"Baby Shower","Baby Shower"
"Communion Party Themes","Festteman för dop"
"Communion","Dop"
"Easter","Påsk"
"Easter Decorations","Påskdekorationer"